1,
akhmedo6,
Diana Akhmedova,
dakhmedova30,
Team Leader & Backend Developer,
Enrolled,
2,
huynha24,
Allie Huynh,
zelaynia,
Frontend Developer,
Enrolled,
3,
prijadik,
Kimberly Prijadi,
frtheatelier,
Team Leader & Frontend Developer,
Enrolled,
4,
santi123,
Hans Santiago,
h-santiago,
Backend Developer,
Enrolled,
5,
taojinuo,
Jinuo Tao,
Pseudoword,
Backend Developer,
Enrolled,
6,
tranmi60,
Minh Tran,
minhptran,
Frontend Developer,
Enrolled,
7,
wangaid5,
Aidan Wang,
majinbagel,
Backend Developer,
Enrolled